"TIME","PAR(umol/m2/s)","T(C)","P(hPa)","RH(%)"
2019-06-17 09:36:27,186.51,31.08,950.90,57.87
2019-06-17 09:36:37,188.24,30.56,1002.74,58.62
2019-06-17 09:36:47,189.61,30.54,1002.74,59.09
2019-06-17 09:36:57,193.08,30.51,1002.79,59.31
2019-06-17 09:37:07,199.31,30.48,1002.78,59.60
2019-06-17 09:37:17,203.90,30.45,1002.75,59.86
2019-06-17 09:37:27,210.18,30.43,1002.74,59.78
2019-06-17 09:37:37,206.31,30.41,1002.72,60.04
2019-06-17 09:37:47,204.11,30.38,1002.73,60.15
2019-06-17 09:37:57,200.38,30.36,1002.73,60.29
2019-06-17 09:38:07,199.28,30.34,1002.72,60.47
2019-06-17 09:38:17,199.60,30.32,1002.73,60.76
2019-06-17 09:38:27,202.44,30.30,1002.72,60.85
2019-06-17 09:38:37,203.25,30.27,1002.73,61.10
2019-06-17 09:38:47,198.11,30.25,1002.72,61.06
2019-06-17 09:38:57,199.15,30.23,1002.77,61.08
2019-06-17 09:39:07,203.55,30.20,1002.77,61.17
2019-06-17 09:39:17,202.49,30.18,1002.77,61.23
2019-06-17 09:39:27,202.33,30.16,1002.74,61.41
2019-06-17 09:39:37,200.17,30.14,1002.77,61.48
2019-06-17 09:39:47,1371.21,30.12,1002.75,61.78
2019-06-17 09:39:57,1351.06,30.12,1002.73,62.07
2019-06-17 09:40:07,1333.90,30.13,1002.74,62.21
2019-06-17 09:40:17,1322.44,30.13,1002.73,62.46
2019-06-17 09:40:27,1321.00,30.16,1002.73,62.70
2019-06-17 09:40:37,1330.38,30.17,1002.72,62.69
2019-06-17 09:40:47,1360.53,30.19,1002.74,63.25
2019-06-17 09:40:57,1393.32,30.20,1002.75,63.62
2019-06-17 09:41:07,1411.74,30.23,1002.73,63.77
2019-06-17 09:41:17,1412.60,30.25,1002.71,64.08
2019-06-17 09:41:27,1423.11,30.27,1002.77,64.22
2019-06-17 09:41:37,1433.40,30.30,1002.69,64.38
2019-06-17 09:41:47,1458.04,30.32,1002.75,64.75
2019-06-17 09:41:57,1458.09,30.35,1002.72,64.88
2019-06-17 09:42:07,1466.56,30.38,1002.72,65.19
2019-06-17 09:42:17,1780.10,30.40,1002.71,63.74
2019-06-17 09:42:27,1784.86,30.40,1002.73,56.23
2019-06-17 09:42:37,1776.88,30.41,1002.70,53.62
2019-06-17 10:02:40,1826.01,30.22,952.16,46.12
2019-06-17 10:02:50,1810.19,29.69,1002.64,46.03
2019-06-17 10:03:00,1511.29,29.68,1002.57,45.70
2019-06-17 10:03:10,1479.91,29.67,1002.62,46.15
2019-06-17 10:03:20,1143.38,29.67,1002.58,47.82
2019-06-17 10:03:30,255.33,29.66,1002.59,49.29
2019-06-17 10:03:40,258.57,29.64,1002.56,50.38
2019-06-17 10:03:50,261.42,29.60,1002.58,51.44
2019-06-17 10:04:00,263.06,29.56,1002.59,52.25
2019-06-17 10:04:10,264.61,29.53,1002.59,52.71
2019-06-17 10:04:20,267.57,29.48,1002.61,53.28
2019-06-17 10:04:30,270.73,29.43,1002.59,53.79
2019-06-17 10:04:40,274.72,29.39,1002.58,54.49
2019-06-17 10:04:50,278.12,29.35,1002.62,55.03
2019-06-17 10:05:00,281.37,29.30,1002.60,55.59
2019-06-17 10:05:10,281.22,29.28,1002.61,55.75
2019-06-17 10:05:20,277.87,29.24,1002.63,55.95
2019-06-17 10:05:30,276.98,29.19,1002.63,56.34
2019-06-17 10:05:40,279.26,29.15,1002.60,56.64
2019-06-17 10:05:50,285.20,29.12,1002.59,56.81
2019-06-17 10:06:00,1938.90,29.09,1002.58,57.56
2019-06-17 10:06:10,1924.67,29.06,1002.62,52.45
2019-06-17 10:06:20,1904.48,29.03,1002.58,50.59
2019-06-17 10:06:30,1897.11,29.01,1002.59,49.86
2019-06-17 10:06:40,1525.49,29.02,1002.59,49.72
2019-06-17 10:06:50,282.35,29.02,1002.59,50.72
2019-06-17 10:07:00,310.23,29.00,1002.59,51.96
2019-06-17 10:07:10,157.47,28.98,1002.61,53.00
2019-06-17 10:07:20,178.58,28.94,1002.54,53.89
2019-06-17 10:07:30,169.39,28.91,1002.55,54.77
2019-06-17 10:07:40,159.78,28.88,1002.60,55.37
2019-06-17 10:07:50,156.89,28.84,1002.60,56.02
2019-06-17 10:08:00,153.04,28.79,1002.57,56.49
2019-06-17 10:08:10,147.29,28.76,1002.58,56.98
2019-06-17 10:08:20,140.20,28.72,1002.58,57.40
2019-06-17 10:08:30,134.24,28.68,1002.61,57.66
2019-06-17 10:08:40,133.56,28.65,1002.62,57.93
2019-06-17 10:08:50,133.43,28.61,1002.62,58.36
2019-06-17 10:09:00,133.39,28.57,1002.62,58.72
2019-06-17 10:09:10,133.66,28.53,1002.60,58.97
2019-06-17 10:09:20,131.46,28.49,1002.58,59.27
2019-06-17 10:09:30,1184.39,28.47,1002.61,59.76
2019-06-17 10:09:40,1418.54,28.45,1002.57,59.80
2019-06-17 10:09:50,1401.18,28.44,1002.60,56.11
2019-06-17 10:10:00,1363.35,28.43,1002.57,53.33
2019-06-17 10:10:10,922.27,28.42,1002.60,53.89
2019-06-17 10:10:20,-0.89,28.41,1002.60,54.72
2019-06-17 10:10:30,-0.92,28.39,1002.58,55.59
2019-06-17 10:10:40,-0.90,28.37,1002.59,56.43
2019-06-17 10:10:50,-0.92,28.34,1002.59,57.23
2019-06-17 10:11:00,-0.91,28.31,1002.62,57.74
2019-06-17 10:11:10,-0.91,28.27,1002.60,58.29
2019-06-17 10:11:20,-0.93,28.24,1002.58,58.85
2019-06-17 10:11:30,-0.91,28.20,1002.62,59.06
2019-06-17 10:11:40,-0.90,28.17,1002.58,59.40
2019-06-17 10:11:50,-0.90,28.14,1002.60,59.57
2019-06-17 10:12:00,-0.91,28.12,1002.58,59.98
2019-06-17 10:12:10,-0.91,28.09,1002.62,60.16
2019-06-17 10:12:20,-0.90,28.06,1002.62,60.50
2019-06-17 10:12:30,-0.90,28.03,1002.62,60.89
2019-06-17 10:12:40,0.27,28.01,1002.64,61.17
2019-06-17 10:12:50,1215.10,27.99,1002.63,61.43
2019-06-17 10:13:00,1225.35,27.99,1002.67,61.93
2019-06-17 10:13:10,1225.01,27.99,1002.63,59.47
2019-06-17 10:13:20,1255.08,28.00,1002.63,58.57
2019-06-17 10:13:30,420.94,28.00,1002.65,55.46
2019-06-17 10:13:40,752.05,28.01,1002.60,53.96
2019-06-17 10:13:50,1173.81,28.02,1002.65,53.72
2019-06-17 10:14:00,1160.93,28.03,1002.65,54.05
2019-06-17 10:14:10,1433.94,28.05,1002.61,55.40
2019-06-17 10:14:20,1570.05,28.05,1002.63,52.74
2019-06-17 10:14:30,1566.46,28.04,1002.61,51.65
2019-06-17 10:14:40,1569.21,28.04,1002.60,51.14
2019-06-17 10:14:50,1281.89,28.03,1002.59,51.11
2019-06-17 10:15:00,1286.39,28.04,1002.60,52.51
2019-06-17 10:15:10,1301.92,28.04,1002.60,54.12
2019-06-17 10:15:20,1311.32,28.05,1002.59,55.58
2019-06-17 10:15:30,1298.80,28.08,1002.57,57.00
2019-06-17 10:15:40,1292.72,28.08,1002.59,58.20
2019-06-17 10:15:50,1273.19,28.09,1002.59,59.18
2019-06-17 10:16:00,1285.24,28.11,1002.60,60.11
2019-06-17 10:16:10,1279.30,28.13,1002.62,60.89
2019-06-17 10:16:20,1279.33,28.14,1002.61,61.74
2019-06-17 10:16:30,1294.74,28.16,1002.61,62.52
2019-06-17 10:16:40,1305.68,28.18,1002.59,63.36
2019-06-17 10:16:50,1294.90,28.20,1002.58,64.01
2019-06-17 10:17:00,1570.57,28.21,1002.62,63.73
2019-06-17 10:17:10,1563.40,28.22,1002.58,60.16
2019-06-17 10:17:20,1544.94,28.21,1002.57,58.04
2019-06-17 10:17:30,1500.46,28.20,1002.55,55.94
2019-06-17 10:17:40,1229.23,28.21,1002.57,54.68
2019-06-17 10:17:50,1269.70,28.22,1002.54,54.19
2019-06-17 10:18:00,962.65,28.23,1002.71,55.16
2019-06-17 10:18:10,709.28,28.23,1002.57,56.79
2019-06-17 10:18:20,666.88,28.23,1002.55,58.24
2019-06-17 10:18:30,675.32,28.23,1002.58,59.58
2019-06-17 10:18:40,667.84,28.23,1002.55,60.57
2019-06-17 10:18:50,646.12,28.22,1002.54,61.21
2019-06-17 10:19:00,644.56,28.21,1002.57,61.98
2019-06-17 10:19:10,658.55,28.21,1002.52,62.70
2019-06-17 10:19:20,736.56,28.20,1002.55,63.33
2019-06-17 10:19:30,759.78,28.20,1002.54,63.85
2019-06-17 10:19:40,752.59,28.19,1002.57,64.13
2019-06-17 10:19:50,777.69,28.19,1002.55,64.49
2019-06-17 10:20:00,773.43,28.18,1002.59,64.91
2019-06-17 10:20:10,786.25,28.18,1002.57,65.29
2019-06-17 10:20:20,769.46,28.18,1002.55,65.57
2019-06-17 10:20:30,1607.97,28.18,1002.55,64.44
2019-06-17 10:20:40,1640.98,28.18,1002.56,58.74
2019-06-17 10:20:50,1645.39,28.18,1002.55,56.59
2019-06-17 10:21:00,1654.97,28.19,1002.54,56.15
2019-06-17 10:21:10,1683.41,28.20,1002.52,54.91
2019-06-17 10:21:20,1663.48,28.21,1002.55,54.58
2019-06-17 10:21:30,1329.30,28.23,1002.57,54.35
2019-06-17 10:21:40,231.67,28.24,1002.51,55.62
2019-06-17 10:21:50,203.02,28.25,1002.57,56.80
2019-06-17 10:22:00,262.09,28.24,1002.52,57.86
2019-06-17 10:22:10,255.82,28.24,1002.51,58.80
2019-06-17 10:22:20,253.70,28.23,1002.53,59.70
2019-06-17 10:22:30,250.23,28.22,1002.57,60.66
2019-06-17 10:22:40,254.42,28.19,1002.57,61.29
2019-06-17 10:22:50,257.89,28.17,1002.54,62.02
2019-06-17 10:23:00,259.28,28.15,1002.51,62.61
2019-06-17 10:23:10,268.17,28.12,1002.58,63.38
2019-06-17 10:23:20,269.08,28.09,1002.57,63.91
2019-06-17 10:23:30,263.31,28.07,1002.60,64.35
2019-06-17 10:23:40,262.02,28.03,1002.59,64.50
2019-06-17 10:23:50,256.79,28.00,1002.58,64.66
2019-06-17 10:24:00,261.53,27.98,1002.58,65.12
2019-06-17 10:24:10,264.63,27.95,1002.61,65.10
2019-06-17 10:24:20,270.03,27.94,1002.61,65.61
2019-06-17 10:24:30,1339.01,27.92,1002.59,65.73
2019-06-17 10:24:40,1606.79,27.90,1002.61,63.37
2019-06-17 10:24:50,1605.09,27.89,1002.59,58.82
2019-06-17 10:25:00,1619.62,27.89,1002.60,56.19
2019-06-17 10:25:10,1332.52,27.90,1002.58,55.10
2019-06-17 10:25:20,1124.21,27.91,1002.57,56.33
2019-06-17 10:25:30,134.00,27.92,1002.56,57.70
2019-06-17 10:25:40,257.11,27.92,1002.61,59.04
2019-06-17 10:25:50,152.95,27.91,1002.60,60.04
2019-06-17 10:26:00,128.61,27.89,1002.57,60.90
2019-06-17 10:26:10,120.90,27.88,1002.56,61.71
2019-06-17 10:26:20,120.79,27.86,1002.59,62.34
2019-06-17 10:26:30,119.60,27.83,1002.61,62.81
2019-06-17 10:26:40,119.55,27.82,1002.57,63.57
2019-06-17 10:26:50,117.86,27.80,1002.59,63.75
2019-06-17 10:27:00,118.47,27.78,1002.60,64.39
2019-06-17 10:27:10,119.17,27.77,1002.61,64.60
2019-06-17 10:27:20,120.51,27.75,1002.58,64.89
2019-06-17 10:27:30,122.09,27.73,1002.58,65.12
2019-06-17 10:27:40,123.12,27.71,1002.60,65.43
2019-06-17 10:27:50,124.54,27.70,1002.60,65.58
2019-06-17 10:28:00,123.87,27.69,1002.62,65.83
2019-06-17 10:28:10,123.73,27.67,1002.62,66.00
2019-06-17 10:28:20,1587.38,27.67,1002.58,66.34
2019-06-17 10:28:30,1947.51,27.68,1002.59,64.91
2019-06-17 10:28:40,1966.27,27.69,1002.61,59.60
2019-06-17 10:28:50,1627.25,27.70,1002.59,59.14
2019-06-17 10:29:00,3.79,27.72,1002.57,59.80
2019-06-17 10:29:10,0.09,27.74,1002.69,60.84
2019-06-17 10:29:20,-0.75,27.75,1002.59,61.86
2019-06-17 10:29:30,-0.77,27.74,1002.62,62.70
2019-06-17 10:29:40,-0.76,27.73,1002.59,63.48
2019-06-17 10:29:50,-0.76,27.71,1002.61,64.31
2019-06-17 10:30:00,-0.76,27.69,1002.58,64.94
2019-06-17 10:30:10,-0.76,27.66,1002.59,65.23
2019-06-17 10:30:20,-0.76,27.64,1002.56,65.42
2019-06-17 10:30:30,-0.78,27.63,1002.58,65.87
2019-06-17 10:30:40,-0.77,27.61,1002.57,66.34
2019-06-17 10:30:50,-0.79,27.59,1002.57,66.53
2019-06-17 10:31:00,-0.78,27.57,1002.58,66.68
2019-06-17 10:31:10,-0.78,27.55,1002.58,67.10
2019-06-17 10:31:20,-0.78,27.54,1002.59,67.43
2019-06-17 10:31:30,-0.61,27.52,1002.59,67.51
2019-06-17 10:31:40,1674.57,27.52,1002.60,67.97
2019-06-17 10:31:50,1671.84,27.53,1002.57,68.26
2019-06-17 10:32:00,1659.85,27.56,1002.57,68.45
2019-06-17 10:32:10,536.99,27.60,1002.58,68.88
2019-06-17 10:32:20,1678.13,27.66,1002.54,67.24
2019-06-17 10:32:30,1675.23,27.71,1002.61,66.70
2019-06-17 10:32:40,883.56,27.76,1002.62,65.34
2019-06-17 10:32:50,1189.51,27.80,1002.65,64.27
2019-06-17 10:33:00,1318.65,27.84,1002.60,64.23
2019-06-17 10:33:10,1873.07,27.89,1002.56,65.30
2019-06-17 10:33:20,1949.16,27.94,1002.61,64.81
2019-06-17 10:33:30,1926.46,27.98,1002.62,63.35
2019-06-17 10:33:40,1923.10,27.99,1002.61,59.69
2019-06-17 10:33:50,1897.29,28.02,1002.61,57.14
2019-06-17 10:34:00,1534.75,28.04,1002.61,56.83
2019-06-17 10:34:10,1537.74,28.08,1002.58,58.26
2019-06-17 10:34:20,1529.35,28.10,1002.63,59.77
2019-06-17 10:34:30,1530.13,28.14,1002.60,61.21
2019-06-17 10:34:40,1530.38,28.18,1002.62,62.52
2019-06-17 10:34:50,1524.87,28.22,1002.57,63.71
2019-06-17 10:35:00,1519.27,28.26,1002.61,64.68
2019-06-17 10:35:10,1526.97,28.31,1002.59,65.56
2019-06-17 10:35:20,1509.57,28.34,1002.56,66.51
2019-06-17 10:35:30,1506.03,28.38,1002.59,67.16
2019-06-17 10:35:40,1513.15,28.42,1002.56,67.78
2019-06-17 10:35:50,1496.88,28.46,1002.57,68.46
2019-06-17 10:36:00,1827.53,28.48,1002.50,59.97
2019-06-17 10:36:10,1829.44,28.49,1002.55,53.78
2019-06-17 10:36:20,1510.16,28.51,1002.56,54.88
2019-06-17 10:36:30,810.09,28.53,1002.55,56.63
2019-06-17 10:36:40,934.29,28.55,1002.54,58.27
2019-06-17 10:36:50,919.12,28.57,1002.59,59.51
2019-06-17 10:37:00,925.74,28.59,1002.57,60.71
2019-06-17 10:37:10,929.74,28.61,1002.57,61.71
2019-06-17 10:37:20,934.55,28.63,1002.57,62.74
2019-06-17 10:37:30,938.01,28.64,1002.58,63.46
2019-06-17 10:37:40,943.81,28.66,1002.63,64.09
2019-06-17 10:37:50,948.10,28.67,1002.59,64.65
2019-06-17 10:38:00,958.24,28.69,1002.60,65.38
2019-06-17 10:38:10,973.56,28.71,1002.58,65.83
2019-06-17 10:38:20,971.05,28.73,1002.60,66.19
2019-06-17 10:38:30,969.35,28.74,1002.58,66.67
2019-06-17 10:38:40,968.05,28.76,1002.56,67.11
2019-06-17 10:38:50,1587.12,28.78,1002.60,67.46
2019-06-17 10:39:00,1686.82,28.81,1002.56,67.96
2019-06-17 10:39:10,1908.66,28.82,1002.56,62.24
2019-06-17 10:39:20,1906.77,28.83,1002.55,55.02
2019-06-17 10:39:30,1893.24,28.84,1002.53,52.46
2019-06-17 10:39:40,1544.50,28.86,1002.53,53.62
2019-06-17 10:39:50,1497.09,28.87,1002.49,55.41
2019-06-17 10:40:00,251.38,28.91,1002.51,57.06
2019-06-17 10:40:10,277.21,28.92,1002.54,58.38
2019-06-17 10:40:20,266.49,28.91,1002.51,59.58
2019-06-17 10:40:30,272.51,28.92,1002.54,60.62
2019-06-17 10:40:40,272.43,28.91,1002.53,61.48
2019-06-17 10:40:50,266.95,28.91,1002.52,61.99
2019-06-17 10:41:00,269.47,28.91,1002.55,62.56
2019-06-17 10:41:10,270.72,28.90,1002.53,63.08
2019-06-17 10:41:20,270.46,28.89,1002.53,63.53
2019-06-17 10:41:30,269.44,28.89,1002.52,64.00
2019-06-17 10:41:40,274.56,28.88,1002.53,64.38
2019-06-17 10:41:50,275.61,28.87,1002.53,64.64
2019-06-17 10:42:00,264.48,28.87,1002.54,64.97
2019-06-17 10:42:10,243.40,28.85,1002.56,65.44
2019-06-17 10:42:20,237.59,28.85,1002.54,65.75
2019-06-17 10:44:07,1702.42,29.15,953.85,52.74
2019-06-17 10:44:17,1501.20,28.75,1002.58,52.36
2019-06-17 10:44:27,1233.60,28.72,1002.55,52.00
2019-06-17 10:44:37,1156.54,28.72,1002.62,53.55
2019-06-17 10:44:47,202.61,28.72,1002.55,55.20
2019-06-17 10:44:57,175.19,28.72,1002.59,56.57
2019-06-17 10:45:07,182.56,28.71,1002.62,57.83
2019-06-17 10:45:17,98.47,28.70,1002.60,58.80
2019-06-17 10:45:27,123.14,28.69,1002.60,59.66
2019-06-17 10:45:37,119.52,28.67,1002.60,60.35
2019-06-17 10:45:47,116.51,28.66,1002.61,60.94
2019-06-17 10:45:57,122.01,28.64,1002.58,61.49
2019-06-17 10:46:07,121.55,28.62,1002.59,61.97
2019-06-17 10:46:17,122.01,28.60,1002.58,62.35
2019-06-17 10:46:27,134.02,28.59,1002.60,62.80
2019-06-17 10:46:37,136.04,28.57,1002.61,63.04
2019-06-17 10:46:47,142.36,28.55,1002.59,63.44
2019-06-17 10:46:57,143.82,28.54,1002.59,63.90
2019-06-17 10:47:07,130.64,28.52,1002.60,64.06
2019-06-17 10:47:17,133.64,28.50,1002.57,64.27
2019-06-17 10:47:27,129.60,28.49,1002.59,64.50
2019-06-17 10:47:37,130.97,28.47,1002.57,64.78
2019-06-17 10:47:47,130.98,28.46,1002.63,65.10
2019-06-17 10:47:57,134.69,28.43,1002.61,65.34
2019-06-17 10:48:07,141.86,28.42,1002.60,65.57
2019-06-17 10:48:17,1505.70,28.41,1002.61,65.90
2019-06-17 10:48:27,1586.50,28.41,1002.63,63.48
2019-06-17 10:48:37,1608.56,28.41,1002.64,60.55
2019-06-17 10:48:47,1434.08,28.41,1002.62,59.66
2019-06-17 10:48:57,1254.00,28.42,1002.62,59.69
2019-06-17 10:49:07,1567.35,28.43,1002.62,58.81
2019-06-17 10:49:17,1490.42,28.44,1002.61,57.92
2019-06-17 10:49:27,3.11,28.45,1002.62,59.16
2019-06-17 10:49:37,-0.54,28.47,1002.67,60.37
2019-06-17 10:49:47,-0.56,28.47,1002.60,61.26
2019-06-17 10:49:57,-0.57,28.47,1002.61,62.01
2019-06-17 10:50:07,-0.58,28.46,1002.59,62.70
2019-06-17 10:50:17,-0.56,28.45,1002.61,63.21
2019-06-17 10:50:27,-0.56,28.44,1002.63,63.66
2019-06-17 10:50:37,-0.56,28.43,1002.63,64.13
2019-06-17 10:50:47,-0.57,28.41,1002.64,64.59
2019-06-17 10:50:57,-0.58,28.40,1002.60,64.95
2019-06-17 10:51:07,-0.56,28.39,1002.65,65.24
2019-06-17 10:51:17,-0.58,28.37,1002.62,65.60
2019-06-17 10:51:27,-0.59,28.36,1002.62,65.80
2019-06-17 10:51:37,-0.59,28.34,1002.61,66.05
2019-06-17 10:51:47,-0.58,28.32,1002.64,66.33
2019-06-17 10:51:57,-0.58,28.31,1002.61,66.47
2019-06-17 10:52:07,1976.19,28.30,1002.63,66.58
2019-06-17 10:52:17,1797.92,28.32,1002.63,67.11
2019-06-17 10:52:27,1799.63,28.34,1002.65,67.61
2019-06-17 10:52:37,1656.89,28.39,1002.62,68.30
2019-06-17 10:52:47,1698.23,28.43,1002.65,65.75
2019-06-17 10:52:57,661.82,28.47,1002.65,63.14
2019-06-17 10:53:07,755.95,28.50,1002.62,61.94
2019-06-17 10:53:17,1387.57,28.52,1002.62,61.50
2019-06-17 10:53:27,1463.38,28.53,1002.61,57.67
2019-06-17 10:53:37,1533.79,28.55,1002.62,57.80
2019-06-17 10:53:47,1797.08,28.57,1002.63,56.96
2019-06-17 10:53:57,2192.07,28.59,1002.62,55.51
2019-06-17 10:54:07,1589.59,28.60,1002.61,54.37
2019-06-17 10:54:17,1334.70,28.62,1002.62,55.80
2019-06-17 10:54:27,1431.86,28.64,1002.60,57.31
2019-06-17 10:54:37,1635.77,28.67,1002.62,58.64
2019-06-17 10:54:47,1622.78,28.70,1002.60,59.84
2019-06-17 10:54:57,1532.57,28.73,1002.61,61.00
2019-06-17 10:55:07,1637.45,28.77,1002.64,62.07
2019-06-17 10:55:17,1450.37,28.81,1002.61,63.01
2019-06-17 10:55:27,1328.44,28.84,1002.60,63.86
2019-06-17 10:55:37,1268.65,28.88,1002.63,64.89
2019-06-17 10:55:47,1336.90,28.92,1002.61,65.55
2019-06-17 10:55:57,1421.32,28.94,1002.64,66.01
2019-06-17 10:56:07,1549.92,28.98,1002.63,66.78
2019-06-17 10:56:17,1706.48,29.01,1002.65,67.58
2019-06-17 10:56:27,1412.02,29.05,1002.64,68.12
2019-06-17 10:56:37,1575.09,29.09,1002.66,68.32
2019-06-17 10:56:47,2043.56,29.12,1002.65,67.98
2019-06-17 10:56:57,2003.55,29.13,1002.65,60.54
2019-06-17 10:57:07,2237.19,29.14,1002.65,56.04
2019-06-17 10:57:17,1873.75,29.15,1002.65,52.20
2019-06-17 10:57:27,1424.21,29.16,1002.60,52.96
2019-06-17 10:57:37,859.42,29.17,1002.60,54.46
2019-06-17 10:57:47,872.33,29.18,1002.57,56.01
2019-06-17 10:57:57,833.60,29.21,1002.62,57.37
2019-06-17 10:58:07,736.74,29.22,1002.64,58.75
2019-06-17 10:58:17,750.57,29.22,1002.64,59.94
2019-06-17 10:58:27,828.28,29.22,1002.65,60.99
2019-06-17 10:58:37,862.70,29.24,1002.63,61.85
2019-06-17 10:58:47,834.84,29.24,1002.64,62.57
2019-06-17 10:58:57,941.02,29.25,1002.68,63.29
2019-06-17 10:59:07,850.43,29.26,1002.65,63.99
2019-06-17 10:59:17,925.61,29.27,1002.62,64.45
2019-06-17 10:59:27,1032.75,29.28,1002.66,65.07
2019-06-17 10:59:37,1184.94,29.29,1002.62,65.25
2019-06-17 10:59:47,1100.52,29.31,1002.66,65.82
2019-06-17 10:59:57,2486.62,29.33,1002.68,63.99
2019-06-17 11:00:07,2511.18,29.34,1002.66,54.66
2019-06-17 11:00:17,2502.99,29.36,1002.63,52.64
2019-06-17 11:00:27,1722.47,29.38,1002.62,52.91
2019-06-17 11:00:37,315.38,29.40,1002.61,54.28
2019-06-17 11:00:47,297.00,29.41,1002.59,55.69
2019-06-17 11:00:57,293.39,29.40,1002.60,57.00
2019-06-17 11:01:07,286.65,29.39,1002.67,57.96
2019-06-17 11:01:17,281.87,29.39,1002.65,58.96
2019-06-17 11:01:27,282.21,29.38,1002.61,60.02
2019-06-17 11:01:37,284.49,29.38,1002.65,60.79
2019-06-17 11:01:47,286.28,29.36,1002.63,61.53
2019-06-17 11:01:57,286.98,29.34,1002.63,61.77
2019-06-17 11:02:07,285.79,29.34,1002.61,62.47
2019-06-17 11:02:17,285.28,29.32,1002.64,63.06
2019-06-17 11:02:27,285.56,29.31,1002.64,63.23
2019-06-17 11:02:37,282.56,29.29,1002.63,63.63
2019-06-17 11:02:47,289.20,29.28,1002.60,63.94
2019-06-17 11:02:57,290.54,29.28,1002.66,64.43
2019-06-17 11:03:07,279.33,29.26,1002.68,64.79
2019-06-17 11:03:17,287.32,29.25,1002.64,65.05
2019-06-17 11:03:27,306.17,29.24,1002.68,65.50
2019-06-17 11:03:37,2427.91,29.24,1002.65,63.83
2019-06-17 11:03:47,2014.57,29.23,1002.64,56.43
2019-06-17 11:03:57,1465.81,29.23,1002.67,54.33
2019-06-17 11:04:07,1604.69,29.23,1002.63,55.62
2019-06-17 11:04:17,184.40,29.24,1002.66,56.69
2019-06-17 11:04:27,308.85,29.24,1002.63,57.75
2019-06-17 11:04:37,187.86,29.24,1002.65,58.72
2019-06-17 11:04:47,148.11,29.23,1002.66,59.74
2019-06-17 11:04:57,163.84,29.22,1002.66,60.50
2019-06-17 11:05:07,145.55,29.20,1002.70,61.05
2019-06-17 11:05:17,161.06,29.18,1002.68,61.79
2019-06-17 11:05:27,152.85,29.17,1002.65,62.24
2019-06-17 11:05:37,132.68,29.15,1002.64,62.91
2019-06-17 11:05:47,122.62,29.13,1002.68,63.19
2019-06-17 11:05:57,138.99,29.12,1002.63,63.54
2019-06-17 11:06:07,149.66,29.10,1002.65,63.95
2019-06-17 11:06:17,137.69,29.08,1002.66,64.38
2019-06-17 11:06:27,116.29,29.07,1002.64,64.77
2019-06-17 11:06:37,101.37,29.05,1002.67,64.73
2019-06-17 11:06:47,114.20,29.04,1002.70,65.22
2019-06-17 11:06:57,1393.62,29.03,1002.69,65.63
2019-06-17 11:07:07,1518.76,28.99,1002.69,56.73
2019-06-17 11:07:17,1352.46,28.98,1002.67,54.34
2019-06-17 11:07:27,0.73,28.98,1002.65,55.22
2019-06-17 11:07:37,-0.56,28.96,1002.69,56.17
2019-06-17 11:07:47,-0.58,28.95,1002.65,57.10
2019-06-17 11:07:57,-0.57,28.93,1002.70,57.98
2019-06-17 11:08:07,-0.59,28.91,1002.65,58.94
2019-06-17 11:08:17,-0.58,28.89,1002.64,59.53
2019-06-17 11:08:27,-0.57,28.87,1002.68,60.20
2019-06-17 11:08:37,-0.60,28.84,1002.76,60.70
2019-06-17 11:08:47,-0.59,28.82,1002.68,61.41
2019-06-17 11:08:57,-0.59,28.79,1002.72,61.91
2019-06-17 11:09:07,-0.58,28.76,1002.75,62.20
2019-06-17 11:09:17,-0.58,28.74,1002.77,62.81
2019-06-17 11:09:27,-0.58,28.72,1002.76,63.24
2019-06-17 11:09:37,-0.58,28.69,1002.75,63.56
2019-06-17 11:09:47,0.03,28.66,1002.78,63.92
2019-06-17 11:09:57,1855.21,28.65,1002.76,64.45
2019-06-17 11:10:07,637.33,28.66,1002.74,65.20
2019-06-17 11:10:17,1440.53,28.69,1002.75,63.46
2019-06-17 11:10:27,1738.66,28.72,1002.77,63.99
2019-06-17 11:10:37,1520.04,28.76,1002.77,64.17
2019-06-17 11:10:47,1187.22,28.77,1002.73,58.70
2019-06-17 11:10:57,1398.86,28.79,1002.75,58.13
2019-06-17 11:11:07,1157.14,28.81,1002.73,57.73
2019-06-17 11:11:17,1023.54,28.82,1002.72,58.45
2019-06-17 11:11:27,1220.10,28.83,1002.57,56.73
2019-06-17 11:11:37,981.60,28.83,1002.69,55.92
2019-06-17 11:11:47,978.71,28.84,1002.71,56.37
2019-06-17 11:11:57,977.67,28.86,1002.72,57.19
2019-06-17 11:12:07,986.32,28.86,1002.74,58.07
2019-06-17 11:12:17,1017.18,28.87,1002.72,58.83
2019-06-17 11:12:27,1029.78,28.89,1002.74,59.72
2019-06-17 11:12:37,1110.27,28.90,1002.74,60.50
2019-06-17 11:12:47,1102.73,28.91,1002.75,61.24
2019-06-17 11:12:57,1141.52,28.93,1002.74,61.99
2019-06-17 11:13:07,1174.05,28.95,1002.71,62.62
2019-06-17 11:13:17,1367.23,28.96,1002.78,63.14
2019-06-17 11:13:27,1505.64,28.95,1002.72,53.68
2019-06-17 11:13:37,1423.03,28.92,1002.73,49.81
2019-06-17 11:13:47,1119.10,28.90,1002.71,49.91
2019-06-17 11:13:57,743.11,28.89,1002.72,51.33
2019-06-17 11:14:07,691.06,28.89,1002.78,52.68
2019-06-17 11:14:17,816.63,28.88,1002.73,53.94
2019-06-17 11:14:27,1049.26,28.88,1002.76,55.13
2019-06-17 11:14:37,1000.51,28.89,1002.74,56.21
2019-06-17 11:14:47,880.16,28.89,1002.73,57.20
2019-06-17 11:14:57,828.64,28.89,1002.66,58.12
2019-06-17 11:15:07,830.88,28.90,1002.73,58.89
2019-06-17 11:15:17,871.44,28.90,1002.76,59.60
2019-06-17 11:15:27,724.82,28.89,1002.74,60.28
2019-06-17 11:15:37,648.85,28.89,1002.73,60.84
2019-06-17 11:15:47,634.60,28.88,1002.78,61.44
2019-06-17 11:15:57,629.78,28.88,1002.76,61.92
2019-06-17 11:16:07,638.06,28.88,1002.74,62.28
2019-06-17 11:16:17,654.56,28.88,1002.73,62.69
2019-06-17 11:16:27,1555.97,28.87,1002.75,61.68
2019-06-17 11:16:37,1656.44,28.85,1002.74,53.28
2019-06-17 11:16:47,1581.74,28.82,1002.67,48.79
2019-06-17 11:16:57,1215.84,28.80,1002.70,50.17
2019-06-17 11:17:07,166.77,28.78,1002.74,51.99
2019-06-17 11:17:17,284.80,28.77,1002.73,53.30
2019-06-17 11:17:27,269.30,28.75,1002.75,54.54
2019-06-17 11:17:37,246.75,28.73,1002.74,55.57
2019-06-17 11:17:47,246.11,28.71,1002.74,56.47
2019-06-17 11:17:57,263.01,28.69,1002.75,57.23
2019-06-17 11:18:07,300.38,28.67,1002.75,58.04
2019-06-17 11:18:17,286.57,28.65,1002.72,58.83
2019-06-17 11:18:27,299.13,28.63,1002.76,59.39
2019-06-17 11:18:37,347.03,28.62,1002.78,59.83
2019-06-17 11:18:47,341.10,28.58,1002.79,60.31
2019-06-17 11:18:57,324.16,28.56,1002.75,60.79
2019-06-17 11:19:07,316.85,28.54,1002.74,61.23
2019-06-17 11:19:17,342.51,28.52,1002.79,61.64
2019-06-17 11:19:27,370.17,28.50,1002.82,61.97
2019-06-17 11:19:37,357.12,28.47,1002.76,62.25
2019-06-17 11:19:47,360.73,28.46,1002.76,62.54
2019-06-17 11:19:57,1775.29,28.44,1002.76,62.92
2019-06-17 11:20:07,2182.64,28.43,1002.80,57.81
2019-06-17 11:20:17,1602.86,28.43,1002.81,54.55
2019-06-17 11:20:27,1549.53,28.42,1002.79,53.03
2019-06-17 11:20:37,1221.13,28.40,1002.77,53.20
2019-06-17 11:20:47,404.45,28.40,1002.75,54.06
2019-06-17 11:20:57,120.05,28.40,1002.76,55.12
2019-06-17 11:21:07,75.01,28.39,1002.77,56.16
2019-06-17 11:21:17,1307.10,28.38,1002.77,57.08
2019-06-17 11:21:27,686.34,28.38,1002.76,58.02
2019-06-17 11:21:37,721.97,28.38,1002.80,58.86
2019-06-17 11:21:47,204.27,28.37,1002.82,59.57
2019-06-17 11:21:57,153.29,28.35,1002.81,60.15
2019-06-17 11:22:07,123.05,28.34,1002.78,60.69
2019-06-17 11:22:17,130.83,28.33,1002.82,61.20
2019-06-17 11:22:27,120.15,28.30,1002.82,61.67
2019-06-17 11:22:37,130.41,28.28,1002.82,62.04
2019-06-17 11:22:47,125.79,28.27,1002.81,62.55
2019-06-17 11:22:57,125.04,28.25,1002.84,62.85
2019-06-17 11:23:07,128.68,28.22,1002.88,62.99
2019-06-17 11:23:17,133.65,28.21,1002.83,63.20
2019-06-17 11:23:27,152.54,28.18,1002.82,63.49
2019-06-17 11:23:37,140.16,28.16,1002.83,63.73
2019-06-17 11:23:47,125.16,28.14,1002.84,64.04
2019-06-17 11:23:57,114.67,28.12,1002.84,64.20
2019-06-17 11:24:07,546.25,28.10,1002.84,64.41
2019-06-17 11:24:17,1167.91,28.09,1002.82,64.68
2019-06-17 11:24:27,1413.72,28.08,1002.85,63.64
2019-06-17 11:24:37,1434.99,28.06,1002.90,54.27
2019-06-17 11:24:47,1423.49,28.04,1002.83,52.89
2019-06-17 11:24:57,1164.82,28.02,1002.86,52.99
2019-06-17 11:25:07,4.42,28.02,1002.85,54.23
2019-06-17 11:25:17,0.30,28.01,1002.84,55.17
2019-06-17 11:25:27,-0.56,28.00,1002.80,56.09
2019-06-17 11:25:37,-0.55,27.97,1002.84,56.94
2019-06-17 11:25:47,-0.54,27.96,1002.87,57.70
2019-06-17 11:25:57,-0.55,27.93,1002.83,58.42
2019-06-17 11:26:07,-0.54,27.89,1002.82,59.09
2019-06-17 11:26:17,-0.55,27.87,1002.80,59.71
2019-06-17 11:26:27,-0.55,27.85,1002.83,60.20
2019-06-17 11:26:37,-0.56,27.82,1002.82,60.63
2019-06-17 11:26:47,-0.57,27.80,1002.83,61.02
2019-06-17 11:26:57,-0.56,27.77,1002.82,61.51
2019-06-17 11:27:07,-0.58,27.74,1002.82,61.96
2019-06-17 11:27:17,-0.56,27.71,1002.80,62.24
2019-06-17 11:27:27,1514.25,27.69,1002.79,62.62
2019-06-17 11:27:37,1481.03,27.69,1002.78,63.31
2019-06-17 11:27:47,1272.11,27.70,1002.79,63.96
2019-06-17 11:27:57,1547.78,27.70,1002.83,60.55
2019-06-17 11:28:07,1551.55,27.72,1002.81,60.55
2019-06-17 11:28:17,598.09,27.73,1002.83,56.20
2019-06-17 11:28:27,859.29,27.74,1002.74,56.38
2019-06-17 11:28:37,1024.43,27.75,1002.78,56.02
2019-06-17 11:28:47,1707.55,27.77,1002.81,56.23
2019-06-17 11:28:57,1959.57,27.77,1002.77,49.70
2019-06-17 11:29:07,1901.18,27.76,1002.78,50.36
2019-06-17 11:29:17,1734.50,27.76,1002.79,50.25
2019-06-17 11:29:27,1783.43,27.74,1002.76,49.68
2019-06-17 11:29:37,1432.67,27.73,1002.75,51.07
2019-06-17 11:29:47,1410.61,27.74,1002.75,52.83
2019-06-17 11:29:57,1369.88,27.76,1002.74,54.37
2019-06-17 11:30:07,1330.45,27.77,1002.75,55.82
2019-06-17 11:30:17,1377.01,27.80,1002.78,57.15
2019-06-17 11:30:27,1356.96,27.82,1002.82,58.28
2019-06-17 11:30:37,1390.40,27.85,1002.73,59.37
2019-06-17 11:30:47,1247.91,27.86,1002.82,60.37
2019-06-17 11:30:57,1228.91,27.89,1002.80,61.31
2019-06-17 11:31:07,1228.47,27.92,1002.81,62.13
2019-06-17 11:31:17,1211.65,27.94,1002.80,62.86
2019-06-17 11:31:27,1200.87,27.96,1002.80,63.49
2019-06-17 11:31:37,1175.17,27.99,1002.79,64.09
2019-06-17 11:31:47,1200.59,27.99,1002.83,56.84
2019-06-17 11:31:57,1199.19,27.98,1002.80,55.02
2019-06-17 11:32:07,1414.00,27.98,1002.77,52.33
2019-06-17 11:32:17,1153.15,27.97,1002.79,51.89
2019-06-17 11:32:27,659.93,27.97,1002.77,54.07
2019-06-17 11:32:37,648.69,27.98,1002.80,55.47
2019-06-17 11:32:47,651.12,27.98,1002.80,56.68
2019-06-17 11:32:57,643.70,27.98,1002.81,57.65
2019-06-17 11:33:07,696.48,27.98,1002.81,58.53
2019-06-17 11:33:17,650.94,27.97,1002.85,59.33
2019-06-17 11:33:27,628.05,27.98,1002.82,60.03
2019-06-17 11:33:37,605.06,27.98,1002.82,60.76
2019-06-17 11:33:47,593.01,27.97,1002.81,61.42
2019-06-17 11:33:57,583.40,27.98,1002.82,61.95
2019-06-17 11:34:07,580.70,27.98,1002.80,62.48
2019-06-17 11:34:17,575.53,27.97,1002.83,62.95
2019-06-17 11:34:27,579.60,27.97,1002.78,63.48
2019-06-17 11:34:37,1053.16,27.97,1002.77,63.84
2019-06-17 11:34:47,1280.12,27.97,1002.84,62.23
2019-06-17 11:34:57,1247.94,27.95,1002.78,54.71
2019-06-17 11:35:07,1238.90,27.95,1002.78,53.54
2019-06-17 11:35:17,1235.54,27.94,1002.79,51.92
2019-06-17 11:35:27,438.55,27.93,1002.79,53.69
2019-06-17 11:35:37,179.43,27.93,1002.80,54.91
2019-06-17 11:35:47,181.01,27.91,1002.80,55.99
2019-06-17 11:35:57,179.69,27.89,1002.78,56.94
2019-06-17 11:36:07,179.30,27.87,1002.83,57.78
2019-06-17 11:36:17,178.89,27.86,1002.80,58.66
2019-06-17 11:36:27,179.26,27.84,1002.79,59.28
2019-06-17 11:36:37,179.34,27.82,1002.80,59.80
2019-06-17 11:36:47,176.74,27.80,1002.77,60.39
2019-06-17 11:36:57,176.73,27.78,1002.77,60.96
2019-06-17 11:37:07,175.65,27.75,1002.77,61.31
2019-06-17 11:37:17,175.68,27.73,1002.77,61.69
2019-06-17 11:37:27,175.24,27.71,1002.80,62.04
2019-06-17 11:37:37,174.08,27.70,1002.79,62.41
2019-06-17 11:37:47,158.80,27.67,1002.82,62.72
2019-06-17 11:37:57,1145.54,27.65,1002.76,58.72
2019-06-17 11:38:07,1150.64,27.59,1002.77,53.29
2019-06-17 11:38:17,935.79,27.57,1002.79,55.09
2019-06-17 11:38:27,765.15,27.57,1002.75,56.14
2019-06-17 11:38:37,166.41,27.56,1002.83,57.06
2019-06-17 11:38:47,175.49,27.55,1002.78,57.90
2019-06-17 11:38:57,118.42,27.53,1002.81,58.65
2019-06-17 11:39:07,95.97,27.51,1002.83,59.36
2019-06-17 11:39:17,98.74,27.48,1002.80,59.98
2019-06-17 11:39:27,97.55,27.46,1002.83,60.53
2019-06-17 11:39:37,97.27,27.43,1002.81,60.94
2019-06-17 11:39:47,97.02,27.41,1002.81,61.39
2019-06-17 11:39:57,96.88,27.39,1002.79,61.85
2019-06-17 11:40:07,96.69,27.37,1002.81,62.23
2019-06-17 11:40:17,96.46,27.34,1002.81,62.58
2019-06-17 11:40:27,96.68,27.31,1002.81,62.87
2019-06-17 11:40:37,96.57,27.29,1002.83,63.16
2019-06-17 11:40:47,96.47,27.26,1002.82,63.33
2019-06-17 11:40:57,96.73,27.23,1002.79,63.67
2019-06-17 11:41:07,97.38,27.21,1002.79,63.82
2019-06-17 11:41:17,98.09,27.19,1002.79,64.05
2019-06-17 11:41:27,100.21,27.17,1002.80,64.23
2019-06-17 11:41:37,106.14,27.15,1002.84,64.45
2019-06-17 11:41:47,412.62,27.12,1002.79,64.77
2019-06-17 11:41:57,1221.88,27.11,1002.77,64.44
2019-06-17 11:42:07,1243.13,27.06,1002.81,56.07
2019-06-17 11:42:17,1250.89,27.02,1002.79,54.06
2019-06-17 11:42:27,1206.68,26.97,1002.75,49.70
2019-06-17 11:42:37,1013.24,26.96,1002.76,52.79
2019-06-17 11:42:47,1177.89,26.95,1002.73,54.23
2019-06-17 11:42:57,0.56,26.95,1002.76,55.54
2019-06-17 11:43:07,-0.45,26.95,1002.79,56.65
2019-06-17 11:43:17,-0.50,26.92,1002.76,57.55
2019-06-17 11:43:27,-0.51,26.91,1002.76,58.32
2019-06-17 11:43:37,-0.50,26.89,1002.78,59.10
2019-06-17 11:43:47,-0.52,26.86,1002.77,59.72
2019-06-17 11:43:57,-0.50,26.84,1002.79,60.24
2019-06-17 11:44:07,-0.48,26.82,1002.76,60.72
2019-06-17 11:44:17,-0.46,26.80,1002.82,61.14
2019-06-17 11:44:27,-0.48,26.78,1002.82,61.66
2019-06-17 11:44:37,-0.50,26.75,1002.82,61.92
2019-06-17 11:44:47,-0.50,26.72,1002.82,62.45
2019-06-17 11:44:57,-0.58,26.69,1002.82,62.68
2019-06-17 11:45:07,-0.54,26.67,1002.83,63.00
2019-06-17 11:45:17,-0.59,26.65,1002.83,63.22
2019-06-17 11:45:27,975.97,26.63,1002.85,63.64
2019-06-17 11:45:37,419.05,26.62,1002.83,64.60
2019-06-17 11:45:47,1001.38,26.56,1002.80,58.25
2019-06-17 11:45:57,847.94,26.56,1002.82,58.49
2019-06-17 11:46:07,594.19,26.56,1002.82,56.44
2019-06-17 11:46:17,820.52,26.56,1002.78,56.94
2019-06-17 11:46:27,1123.32,26.56,1002.80,57.60
2019-06-17 11:46:37,1387.87,26.57,1002.75,58.38
2019-06-17 11:46:47,2139.30,26.58,1002.84,58.16
2019-06-17 11:46:57,2035.99,26.59,1002.80,56.69
2019-06-17 11:47:16,2014.08,27.02,957.54,53.35
2019-06-17 11:47:26,1504.24,26.64,1002.81,53.53
2019-06-17 11:47:36,1125.48,26.64,1002.83,54.30
2019-06-17 11:47:46,1118.40,26.65,1002.81,55.74
2019-06-17 11:47:56,1162.75,26.66,1002.78,57.15
2019-06-17 11:48:06,1467.11,26.67,1002.78,58.41
2019-06-17 11:48:16,1645.07,26.70,1002.77,59.56
2019-06-17 11:48:26,1419.20,26.73,1002.78,60.85
2019-06-17 11:48:36,1135.21,26.76,1002.78,61.87
2019-06-17 11:48:46,1118.77,26.78,1002.77,62.82
2019-06-17 11:48:56,1121.83,26.81,1002.83,63.66
2019-06-17 11:49:06,1107.95,26.83,1002.79,64.47
2019-06-17 11:49:16,1109.48,26.85,1002.74,65.26
2019-06-17 11:49:26,1112.44,26.88,1002.81,65.93
2019-06-17 11:49:36,1150.32,26.91,1002.77,66.47
2019-06-17 11:49:46,1249.81,26.94,1002.76,67.12
2019-06-17 11:49:56,1634.66,26.97,1002.81,67.53
2019-06-17 11:50:06,1583.59,26.97,1002.79,62.48
2019-06-17 11:50:16,1625.76,26.99,1002.78,56.90
2019-06-17 11:50:26,1124.29,27.00,1002.76,56.32
2019-06-17 11:50:36,551.85,27.01,1002.75,57.31
2019-06-17 11:50:46,588.10,27.02,1002.76,58.29
2019-06-17 11:50:56,582.57,27.03,1002.75,59.32
2019-06-17 11:51:06,584.48,27.04,1002.79,60.26
2019-06-17 11:51:16,589.04,27.04,1002.78,61.11
2019-06-17 11:51:26,595.59,27.05,1002.76,61.87
2019-06-17 11:51:36,605.41,27.06,1002.78,62.59
2019-06-17 11:51:46,614.65,27.06,1002.79,63.37
2019-06-17 11:51:56,637.56,27.07,1002.76,63.98
2019-06-17 11:52:06,720.00,27.08,1002.79,64.56
2019-06-17 11:52:16,846.80,27.09,1002.81,65.05
2019-06-17 11:52:26,690.08,27.09,1002.78,65.48
2019-06-17 11:52:36,621.39,27.11,1002.78,65.95
2019-06-17 11:52:46,608.20,27.12,1002.78,66.37
2019-06-17 11:52:56,599.75,27.12,1002.78,66.68
2019-06-17 11:53:06,594.31,27.13,1002.80,66.96
2019-06-17 11:53:16,592.86,27.14,1002.74,67.30
2019-06-17 11:53:26,593.67,27.14,1002.79,67.71
2019-06-17 11:53:36,596.98,27.15,1002.79,67.98
2019-06-17 11:53:46,609.32,27.16,1002.79,68.13
2019-06-17 11:53:56,624.28,27.17,1002.79,68.40
2019-06-17 11:54:06,601.77,27.17,1002.83,68.69
2019-06-17 11:54:16,597.43,27.18,1002.75,68.89
2019-06-17 11:54:26,609.96,27.18,1002.78,69.11
2019-06-17 11:54:36,1113.09,27.19,1002.75,69.27
2019-06-17 11:54:46,1062.53,27.20,1002.75,69.42
2019-06-17 11:54:56,1316.78,27.21,1002.73,64.27
2019-06-17 11:55:06,1317.28,27.20,1002.75,56.40
2019-06-17 11:55:16,1043.29,27.19,1002.70,52.67
2019-06-17 11:55:26,941.34,27.21,1002.70,55.62
2019-06-17 11:55:36,29.78,27.21,1002.74,56.77
2019-06-17 11:55:46,74.80,27.21,1002.71,57.84
2019-06-17 11:55:56,176.94,27.19,1002.73,58.89
2019-06-17 11:56:06,169.13,27.19,1002.75,59.73
2019-06-17 11:56:16,182.44,27.18,1002.75,60.46
2019-06-17 11:56:26,184.33,27.17,1002.76,61.13
2019-06-17 11:56:36,183.66,27.16,1002.74,61.70
2019-06-17 11:56:46,183.82,27.16,1002.74,62.25
2019-06-17 11:56:56,181.91,27.15,1002.74,62.80
2019-06-17 11:57:06,181.45,27.13,1002.78,63.17
2019-06-17 11:57:16,180.73,27.12,1002.77,63.57
2019-06-17 11:57:26,179.49,27.10,1002.73,63.93
2019-06-17 11:57:36,178.14,27.09,1002.70,64.29
2019-06-17 11:57:46,177.65,27.08,1002.76,64.61
2019-06-17 11:57:56,176.51,27.06,1002.78,64.84
2019-06-17 11:58:06,1049.85,27.05,1002.72,65.10
2019-06-17 11:58:16,1265.32,27.02,1002.75,56.22
2019-06-17 11:58:26,1040.73,27.00,1002.74,54.67
2019-06-17 11:58:36,748.48,26.99,1002.72,55.64
2019-06-17 11:58:46,212.63,26.99,1002.72,56.37
2019-06-17 11:58:56,188.68,26.97,1002.75,57.23
2019-06-17 11:59:06,91.73,26.95,1002.72,58.07
2019-06-17 11:59:16,103.71,26.93,1002.69,58.87
2019-06-17 11:59:26,103.21,26.90,1002.74,59.50
2019-06-17 11:59:36,103.68,26.88,1002.70,60.12
2019-06-17 11:59:46,103.93,26.86,1002.71,60.78
2019-06-17 11:59:56,105.78,26.84,1002.72,61.33
2019-06-17 12:00:06,112.29,26.82,1002.72,61.81
2019-06-17 12:00:16,105.08,26.79,1002.73,62.27
2019-06-17 12:00:26,103.56,26.77,1002.78,62.66
2019-06-17 12:00:36,102.89,26.74,1002.75,63.08
2019-06-17 12:00:46,103.67,26.74,1002.74,63.40
2019-06-17 12:00:56,102.95,26.71,1002.78,63.71
2019-06-17 12:01:06,103.15,26.69,1002.78,64.07
2019-06-17 12:01:16,1019.56,26.67,1002.76,64.42
2019-06-17 12:01:26,1263.27,26.66,1002.79,63.85
2019-06-17 12:01:36,1263.69,26.63,1002.77,58.90
2019-06-17 12:01:46,689.20,26.61,1002.74,57.83
2019-06-17 12:01:56,-0.12,26.60,1002.75,58.05
2019-06-17 12:02:06,-0.34,26.58,1002.75,58.47
2019-06-17 12:02:16,-0.42,26.57,1002.75,59.01
2019-06-17 12:02:26,-0.42,26.54,1002.73,59.56
2019-06-17 12:02:36,-0.42,26.52,1002.72,60.14
2019-06-17 12:02:46,-0.43,26.49,1002.77,60.67
2019-06-17 12:02:56,-0.43,26.48,1002.76,61.14
2019-06-17 12:03:06,-0.45,26.45,1002.78,61.58
2019-06-17 12:03:16,-0.44,26.43,1002.76,61.99
2019-06-17 12:03:26,-0.43,26.40,1002.75,62.37
2019-06-17 12:03:36,-0.43,26.38,1002.76,62.76
2019-06-17 12:03:46,-0.43,26.35,1002.78,63.16
2019-06-17 12:03:56,-0.45,26.33,1002.80,63.45
2019-06-17 12:04:06,-0.45,26.31,1002.74,63.68
2019-06-17 12:04:16,-0.45,26.28,1002.76,63.95
2019-06-17 12:04:26,-0.45,26.25,1002.75,64.20
2019-06-17 12:04:36,-0.44,26.23,1002.78,64.49
2019-06-17 12:04:46,-0.44,26.20,1002.80,64.72
2019-06-17 12:04:56,-0.44,26.18,1002.76,64.97
2019-06-17 12:05:06,-0.44,26.15,1002.76,65.23
2019-06-17 12:05:16,-0.44,26.13,1002.78,65.44
2019-06-17 12:05:26,-0.45,26.11,1002.77,65.64
2019-06-17 12:05:36,-0.44,26.08,1002.75,65.79
2019-06-17 12:05:46,-0.44,26.06,1002.76,65.95
2019-06-17 12:05:56,-0.44,26.04,1002.76,66.15
2019-06-17 12:06:06,-0.45,26.01,1002.74,66.28
2019-06-17 12:06:16,-0.47,25.99,1002.76,66.43
2019-06-17 12:06:26,613.70,25.97,1002.75,66.58
2019-06-17 12:06:36,1029.04,25.95,1002.73,67.05
2019-06-17 12:06:46,1096.75,25.95,1002.73,67.54
2019-06-17 12:06:56,1133.31,25.95,1002.75,67.98
2019-06-17 12:07:06,1072.48,25.92,1002.70,60.75
2019-06-17 12:07:16,1079.01,25.93,1002.70,61.69
2019-06-17 12:07:26,542.62,25.93,1002.74,58.56
2019-06-17 12:07:36,696.38,25.93,1002.72,58.97
2019-06-17 12:07:46,1008.66,25.93,1002.75,58.86
2019-06-17 12:07:56,1004.52,25.94,1002.68,59.52
2019-06-17 12:08:06,973.71,25.95,1002.69,60.05
2019-06-17 12:08:16,1197.49,25.94,1002.66,57.53
2019-06-17 12:08:26,961.96,25.94,1002.66,56.92
2019-06-17 12:08:36,962.61,25.95,1002.70,58.20
2019-06-17 12:08:46,970.31,25.96,1002.65,59.31
2019-06-17 12:08:56,988.02,25.98,1002.66,60.38
2019-06-17 12:09:06,1003.90,25.98,1002.69,61.42
2019-06-17 12:09:16,1035.97,26.00,1002.69,62.38
2019-06-17 12:09:26,1085.08,26.01,1002.68,63.34
2019-06-17 12:09:36,1068.47,26.03,1002.71,64.20
2019-06-17 12:09:46,1097.23,26.04,1002.70,64.90
2019-06-17 12:09:56,1542.93,26.06,1002.73,65.45
2019-06-17 12:10:06,1642.54,26.09,1002.71,66.21
2019-06-17 12:10:16,1303.31,26.11,1002.70,66.80
2019-06-17 12:10:26,1175.55,26.14,1002.71,67.43
2019-06-17 12:10:36,1261.09,26.16,1002.72,67.86
2019-06-17 12:10:46,1750.44,26.16,1002.71,60.15
2019-06-17 12:10:56,1989.64,26.17,1002.74,58.84
2019-06-17 12:11:06,956.71,26.18,1002.69,59.02
2019-06-17 12:11:16,784.16,26.19,1002.71,60.04
2019-06-17 12:11:26,819.80,26.20,1002.72,61.08
2019-06-17 12:11:36,770.75,26.21,1002.71,62.09
2019-06-17 12:11:46,692.91,26.22,1002.69,62.95
2019-06-17 12:11:56,936.64,26.23,1002.74,63.80
2019-06-17 12:12:06,1201.24,26.24,1002.73,64.54
2019-06-17 12:12:16,1298.88,26.25,1002.66,65.28
2019-06-17 12:12:26,1234.36,26.27,1002.70,66.00
2019-06-17 12:12:36,1326.82,26.29,1002.70,66.74
2019-06-17 12:12:46,1240.92,26.31,1002.69,67.38
2019-06-17 12:12:56,1064.14,26.33,1002.68,68.01
2019-06-17 12:13:06,1034.49,26.35,1002.69,68.48
2019-06-17 12:13:16,891.52,26.37,1002.68,69.04
2019-06-17 12:13:26,1908.74,26.39,1002.71,69.75
2019-06-17 12:13:36,1968.56,26.40,1002.68,62.41
2019-06-17 12:13:46,2475.28,26.41,1002.66,56.65
2019-06-17 12:13:56,1616.91,26.45,1002.64,58.55
2019-06-17 12:14:06,489.52,26.47,1002.66,59.85
2019-06-17 12:14:16,400.04,26.48,1002.63,61.05
2019-06-17 12:14:26,461.42,26.49,1002.64,62.14
2019-06-17 12:14:36,430.26,26.49,1002.62,63.11
2019-06-17 12:14:46,313.67,26.50,1002.60,63.91
2019-06-17 12:14:56,287.33,26.49,1002.67,64.64
2019-06-17 12:15:06,347.15,26.51,1002.64,65.32
2019-06-17 12:15:16,299.66,26.50,1002.69,65.89
2019-06-17 12:15:26,301.30,26.50,1002.67,66.62
2019-06-17 12:15:36,275.25,26.49,1002.67,66.96
2019-06-17 12:15:46,367.75,26.48,1002.70,67.38
2019-06-17 12:15:56,418.51,26.48,1002.66,67.63
2019-06-17 12:16:06,419.36,26.47,1002.67,68.00
2019-06-17 12:16:16,373.79,26.47,1002.67,68.31
2019-06-17 12:16:26,2361.24,26.48,1002.64,69.03
2019-06-17 12:16:36,2554.50,26.47,1002.69,61.95
2019-06-17 12:16:46,2538.62,26.50,1002.67,59.58
2019-06-17 12:16:56,2059.49,26.52,1002.66,58.96
2019-06-17 12:17:06,537.65,26.55,1002.64,60.09
2019-06-17 12:17:16,331.91,26.56,1002.62,61.20
2019-06-17 12:17:26,205.44,26.58,1002.61,62.26
2019-06-17 12:17:36,173.48,26.59,1002.66,63.25
2019-06-17 12:17:46,154.98,26.58,1002.66,64.06
2019-06-17 12:17:56,133.93,26.58,1002.61,64.80
2019-06-17 12:18:06,163.89,26.57,1002.66,65.37
2019-06-17 12:18:16,156.25,26.57,1002.60,65.85
2019-06-17 12:18:26,151.15,26.56,1002.62,66.30
2019-06-17 12:18:36,147.87,26.55,1002.59,66.73
2019-06-17 12:18:46,142.85,26.55,1002.59,67.26
2019-06-17 12:18:56,117.40,26.54,1002.64,67.57
2019-06-17 12:19:06,119.76,26.54,1002.61,67.89
2019-06-17 12:19:16,117.79,26.53,1002.61,68.20
2019-06-17 12:19:26,121.37,26.51,1002.58,68.45
2019-06-17 12:19:36,126.05,26.51,1002.55,68.63
2019-06-17 12:19:46,1507.10,26.50,1002.59,69.06
2019-06-17 12:19:56,1668.34,26.49,1002.60,61.55
2019-06-17 12:20:06,1436.53,26.49,1002.60,60.32
2019-06-17 12:20:16,1.01,26.50,1002.58,61.11
2019-06-17 12:20:26,-0.36,26.50,1002.64,61.74
2019-06-17 12:20:36,-0.32,26.50,1002.56,62.52
2019-06-17 12:20:46,-0.34,26.49,1002.58,63.20
2019-06-17 12:20:56,-0.32,26.47,1002.58,63.83
2019-06-17 12:21:06,-0.34,26.46,1002.61,64.43
2019-06-17 12:21:16,-0.33,26.45,1002.59,64.91
2019-06-17 12:21:26,-0.32,26.43,1002.57,65.44
2019-06-17 12:21:36,-0.32,26.42,1002.59,65.91
2019-06-17 12:21:46,-0.32,26.41,1002.59,66.34
2019-06-17 12:21:56,-0.32,26.39,1002.56,66.68
2019-06-17 12:22:06,-0.35,26.38,1002.56,67.08
2019-06-17 12:22:16,-0.35,26.37,1002.58,67.40
2019-06-17 12:22:26,-0.35,26.34,1002.60,67.74
2019-06-17 12:22:36,-0.36,26.33,1002.56,68.05
2019-06-17 12:22:46,-0.34,26.31,1002.56,68.23
2019-06-17 12:22:56,680.69,26.30,1002.58,68.63
2019-06-17 12:23:06,1460.67,26.31,1002.61,69.23
2019-06-17 12:23:16,1287.18,26.29,1002.55,62.55
2019-06-17 12:23:26,1033.29,26.31,1002.56,64.01
2019-06-17 12:23:36,1067.72,26.33,1002.57,64.09
2019-06-17 12:23:46,624.94,26.35,1002.57,64.10
2019-06-17 12:23:56,429.06,26.36,1002.55,62.72
2019-06-17 12:24:06,1175.07,26.37,1002.55,62.24
2019-06-17 12:24:16,1442.27,26.36,1002.56,54.80
2019-06-17 12:24:26,1405.62,26.35,1002.56,52.80
2019-06-17 12:24:36,1445.64,26.36,1002.51,54.27
2019-06-17 12:24:46,1062.40,26.38,1003.04,55.89
2019-06-17 12:24:56,1126.40,26.40,1002.53,57.41
2019-06-17 12:25:06,1337.46,26.40,1002.51,58.89
2019-06-17 12:25:16,1482.11,26.41,1002.53,60.28
2019-06-17 12:25:26,1568.34,26.43,1002.52,61.66
2019-06-17 12:25:36,1500.52,26.45,1002.51,62.76
2019-06-17 12:25:46,1519.70,26.47,1002.53,63.79
2019-06-17 12:25:56,1508.93,26.50,1002.53,64.94
2019-06-17 12:26:06,1497.53,26.53,1002.52,65.89
2019-06-17 12:26:16,1443.92,26.56,1002.55,66.78
2019-06-17 12:26:26,1575.11,26.58,1002.53,67.57
2019-06-17 12:26:36,1821.54,26.59,1002.54,57.79
2019-06-17 12:26:46,1735.08,26.60,1002.50,56.55
2019-06-17 12:26:56,1354.94,26.61,1002.53,56.06
2019-06-17 12:27:06,747.76,26.63,1002.52,58.11
2019-06-17 12:27:16,737.95,26.65,1002.50,59.46
2019-06-17 12:27:26,748.88,26.65,1002.50,60.78
2019-06-17 12:27:36,720.04,26.66,1002.49,61.79
2019-06-17 12:27:46,726.33,26.66,1002.50,62.84
2019-06-17 12:27:56,734.62,26.66,1002.50,63.80
2019-06-17 12:28:06,776.46,26.67,1002.50,64.67
2019-06-17 12:28:16,792.87,26.68,1002.51,65.40
2019-06-17 12:28:26,785.86,26.69,1002.44,65.98
2019-06-17 12:28:36,772.90,26.69,1002.44,66.54
2019-06-17 12:28:46,801.39,26.69,1002.47,67.11
2019-06-17 12:28:56,820.44,26.71,1002.50,67.64
2019-06-17 12:29:06,830.73,26.71,1002.45,68.04
2019-06-17 12:29:16,800.72,26.72,1002.46,68.58
2019-06-17 12:29:26,1674.24,26.73,1002.41,67.00
2019-06-17 12:29:36,1648.79,26.72,1002.43,56.50
2019-06-17 12:29:46,1626.77,26.72,1002.41,54.18
2019-06-17 12:29:56,1328.44,26.72,1002.43,54.18
2019-06-17 12:30:06,212.00,26.73,1002.40,56.40
2019-06-17 12:30:16,194.15,26.74,1002.40,57.97
2019-06-17 12:30:26,236.92,26.73,1002.46,59.23
2019-06-17 12:30:36,223.69,26.73,1002.39,60.25
2019-06-17 12:30:46,225.23,26.72,1002.40,61.11
2019-06-17 12:30:56,223.26,26.71,1002.39,62.03
2019-06-17 12:31:06,225.07,26.70,1002.35,62.88
2019-06-17 12:31:16,228.69,26.69,1002.38,63.57
2019-06-17 12:31:26,245.81,26.68,1002.39,64.19
2019-06-17 12:31:36,232.88,26.66,1002.41,64.79
2019-06-17 12:31:46,231.79,26.65,1002.42,65.34
2019-06-17 12:31:56,223.85,26.63,1002.40,65.63
2019-06-17 12:32:06,214.59,26.62,1002.42,66.07
2019-06-17 12:32:16,224.05,26.61,1002.41,66.64
2019-06-17 12:32:26,1431.96,26.59,1002.42,67.18
2019-06-17 12:32:36,1577.50,26.57,1002.42,60.04
2019-06-17 12:32:46,1247.91,26.57,1002.42,59.29
2019-06-17 12:32:56,257.38,26.57,1002.43,60.10
2019-06-17 12:33:06,237.47,26.56,1002.36,60.87
2019-06-17 12:33:16,113.07,26.55,1002.41,61.66
2019-06-17 12:33:26,113.80,26.54,1002.38,62.37
2019-06-17 12:33:36,114.87,26.53,1002.41,63.06
2019-06-17 12:33:46,122.64,26.51,1002.40,63.62
2019-06-17 12:33:56,118.01,26.50,1002.37,64.18
2019-06-17 12:34:06,118.38,26.48,1002.38,64.78
2019-06-17 12:34:16,115.44,26.47,1002.44,65.29
2019-06-17 12:34:26,103.58,26.45,1002.40,65.75
2019-06-17 12:34:36,104.55,26.43,1002.42,66.19
2019-06-17 12:34:46,116.59,26.42,1002.40,66.60
2019-06-17 12:34:56,116.63,26.40,1002.43,66.92
2019-06-17 12:35:06,108.20,26.38,1002.38,67.24
2019-06-17 12:35:16,103.89,26.37,1002.39,67.51
2019-06-17 12:35:26,745.14,26.36,1002.42,67.86
2019-06-17 12:35:36,1553.86,26.36,1002.40,67.14
2019-06-17 12:35:46,1496.76,26.34,1002.41,60.60
2019-06-17 12:35:56,1410.40,26.33,1002.39,56.30
2019-06-17 12:36:06,1361.71,26.32,1002.38,55.78
2019-06-17 12:36:16,1147.43,26.32,1002.40,56.20
2019-06-17 12:36:26,0.09,26.33,1002.40,57.45
2019-06-17 12:36:36,-0.63,26.32,1002.40,58.45
2019-06-17 12:36:46,-0.65,26.30,1002.43,59.41
2019-06-17 12:36:56,-0.64,26.28,1002.40,60.37
2019-06-17 12:37:06,-0.63,26.27,1002.40,61.13
2019-06-17 12:37:16,-0.64,26.25,1002.41,61.87
2019-06-17 12:37:26,-0.63,26.23,1002.45,62.54
2019-06-17 12:37:36,-0.64,26.21,1002.42,63.16
2019-06-17 12:37:46,-0.64,26.20,1002.43,63.67
2019-06-17 12:37:56,-0.64,26.17,1002.41,64.34
2019-06-17 12:38:06,-0.64,26.15,1002.39,64.76
2019-06-17 12:38:16,-0.65,26.14,1002.38,65.24
2019-06-17 12:38:26,-0.64,26.12,1002.38,65.73
2019-06-17 12:38:36,-0.65,26.10,1002.40,66.11
2019-06-17 12:38:46,7.24,26.08,1002.41,66.32
2019-06-17 12:38:56,1168.61,26.08,1002.35,66.79
2019-06-17 12:39:06,1159.16,26.08,1002.39,67.35
